hashtag,count
Infinit8Iniesta,24
LFC,13
OnThisDay,12
messi,9
fifa18,9
Iniesta,9
Fraud,7
WeAreMessi,7
Ads,7
Barcelona,7
Grab,7
Mobiuz,7
Advertising,7
Taxi,7
Uber,7
Bus,7
PlanB,6
InternationalWorkersDay,6
Xavi,5
iniesta,5
xavi,5
fintech,5
GraciasAndrés,5
gerrard,4
GraciasIniesta,4
UCL,4
innovation,3
soccer,3
football,3
WWEGRR,3
FCBarcelona,2
YNWA,2
cryptocurrencies,2
Cristiano,2
bitcoin,2
TheBest,2
AndresIniesta,2
OneSeasonWonder,2
Legend,2
Fabregas,2
infinit8Iniesta,2
Mateo,2
ICO,2
FNH,2
ForçaBarça,2
Cryptocurrency,2
bitcoins,2
HereToCreate,2
PSG,2
Undertaker,2
trademark,2
Chelsea,2
New_tricks,1
La,1
RealMadrid,1
Dani,1
APorLa13,1
trademarks,1
Liga,1
quote,1
LIVROM,1
control,1
LionelMessi,1
WorldCup,1
MessiFC,1
CopaDelRey,1
UniversalTitle,1
security,1
CSNGlobalFootball,1
ncfc,1
Respect,1
tictocnews,1
ElClassico,1
bitcoincash,1
goat,1
IPNEWS,1
Zidane,1
BARCA,1
CasketMatch,1
cointelegraph,1
Liverpool,1
lifefreestyle,1
Baggio,1
Phelps,1
Inifinit8Iniesta,1
PrescientInfo,1
creator,1
FinalCopa,1
Ronaldo,1
ball_dribbling,1
coldstorage,1
UniversalChampion,1
leomessi,1
ballondor,1
MoSalah,1
ElClasico,1
WorldCup2018,1
بسم_الله_ما_شاء_الله,1
fortnitemeteor,1
Alves,1
Cac,1
Puyol,1
TM,1
ERC20,1
besoccerEn,1
blockchaintalks,1
Abidal,1
YouTube,1
شجع_مع_شيما,1
Bitcointalk,1
ThanksWes,1
GOAT,1
juggling,1
fifaworldcup2018,1
barća,1
MaldivanIdol,1
AIREXE,1
financial,1
InitialCoinOffering,1
FootTheBall,1
free_style,1
IP,1
skills,1
LaLiga,1
Fc,1
recommended,1
Alhilal,1
CopaBarça,1
التحكم_القدم_اليسري,1
AdiosAndres,1
LaLigaHistory,1
NEMEZIZ,1
KlimAuthor,1
bhive,1
MtGox,1
WholeFlaked,1
Goles,1
