Messi,41
UPDATE,32
FCB,31
Barcelona,25
barcelona,20
Chelsea,20
messi,18
CFC,17
trademark,13
Barca,12
Ronaldo,10
barca,10
wenger,8
freestyler,8
chelseafc,8
backflip,8
footballbible,8
Iniesta,8
freekicks,8
AndresIniesta,6
FNH,6
OnThisDay,6
fcb,6
iniesta,6
Cule,5
LionelMessi,5
LFC,4
Argentina,4
Xavi,4
GraciasIniesta,4
GraciasAndrés,4
fcbarcelona,4
legend,3
realmadrid,3
ballondor,3
laliga,3
Sports,3
zidane,3
Europe,3
inesta,3
FUTBUL,2
Madrid,2
BarcaMadrid,2
FCBARCELONA,2
BARvsLEG,2
La,2
EU,2
spain,2
recentthrowback,2
Throwback,2
RealMadrid,2
IP,2
Fc,2
FIFA18,2
football,2
fifa,2
PSG,2
LaLigaSantander,2
Fabregas,2
ElClasico,2
8factfootball,2
sports,2
didyouknow,2
UCL,2
jordialba,2
driving,2
Trademark,2
bhive,2
leomessi,2
messivsronaldo,1
wipo,1
Transfers,1
BAYRMA,1
wmv,1
SOCCER,1
De,1
MSA405,1
LegalTech,1
Design,1
FCBarcelona,1
Copa30,1
Manipulation,1
futbol,1
messi10,1
DeadlineDay,1
26aprile,1
Vs,1
Game,1
GeneralCourt,1
union,1
Goals,1
MorningStarr,1
Edit,1
Football,1
FinalCopa,1
copadelrey,1
academymanutd,1
LawTech,1
LaMasia,1
ronaldovsmessi,1
Poster,1
MESSI,1
SharkTeam,1
LIONELMESSI,1
Gol,1
ManCity,1
Deportivo,1
Coruña,1
TrueStory,1
Massi,1
Photoshop,1
instapic,1
soccer,1
CopaDelRey,1
FACT,1
Gfx,1
Liga,1
History,1
ForçaBarça,1
bayern,1
All,1
GOAT,1
editing,1
LEO,1
ELCLASICO,1
LaLiga,1
european,1
campnou,1
Barça,1
