tweet_id,created_at,tweet_text,favorite_count,retweet_count,tag1,tag2,tag3,tag4,tag5,tag6,tag7,tag8
9.90E+17,4/27/2018 18:28,"b""RT @NFL: Eli.\nAnd @OBJ_3.\nAnd @sterl_shep3\n\nAnd now... @saquon's joining the @Giants! #NFLDraft https://t.co/aRJipXXdrh""",0,1050,NFLDraft,,,,,,,
9.90E+17,4/27/2018 18:28,b'RT @saquon: And so it begins. Thankful for this opportunity and for everyone\xe2\x80\x99s support. Here we go @Giants! @Bose #GiantsPride #BoseAmbassa\xe2\x80\xa6',0,1904,GiantsPride,,,,,,,
9.90E+17,4/27/2018 18:27,b'RT @CouRageJD: I was left with only one option... #Fortnite https://t.co/69alFyuPe1',0,2564,Fortnite,,,,,,,
9.90E+17,4/27/2018 18:27,b'RT @Dexerto: Looks like Season 4 is Superhero themed. We definitely need these as skins. \xf0\x9f\xa4\xa3 #Fortnite https://t.co/i8DeKzweSb',0,814,Fortnite,,,,,,,
9.90E+17,4/27/2018 17:05,b'RT @EASPORTS_MUT: Another shot at @michaelirvin88 \n#MUTSeason #NFLDraft https://t.co/Keahle4O4y',0,5643,MUTSeason,NFLDraft,,,,,,
9.90E+17,4/27/2018 10:47,b'RT @Giants: #SaquonBarkley\n#SaquonBarkley\n#SaquonBarkley\n#SaquonBarkley\n#SaquonBarkley\n#SaquonBarkley\n#SaquonBarkley\n#SaquonBarkley\n#Saquon\xe2\x80\xa6',0,4482,SaquonBarkley,SaquonBarkley,SaquonBarkley,SaquonBarkley,SaquonBarkley,SaquonBarkley,SaquonBarkley,SaquonBarkley
9.90E+17,4/27/2018 10:47,b'RT @JeopardySports: \xe2\x80\x9cWho is: Saquon Barkley?\xe2\x80\x9d\n#JeopardySports #NFLDraft https://t.co/Uli6ulVdPU',0,348,JeopardySports,NFLDraft,,,,,,
9.90E+17,4/27/2018 1:03,b'RT @TikiBarber: #Giants \n\xf0\x9f\x98\x8e @saquon \xf0\x9f\x91\x8d\xf0\x9f\x8f\xbe https://t.co/aMQ1TKK2gW',0,289,Giants,,,,,,,
9.90E+17,4/27/2018 0:34,"b'RT @imRoseHD: With the 2nd pick in the 2018 NFL Draft, the New York Giants select: Saquon Barkley, RB from Penn State. #NFLDraft https://t.\xe2\x80\xa6'",0,14,NFLDraft,,,,,,,
9.90E+17,4/27/2018 0:31,b'RT @collins_mut: @_Drup_ #saquonszn',0,1,saquonszn,,,,,,,
9.90E+17,4/27/2018 0:14,b'RT @MUTGuru: Giving away the ENTIRE first round to a few lucky winners on @EASPORTS_MUT \xf0\x9f\x91\x80\n\n#StayTuned #NFLDraft',0,231,StayTuned,NFLDraft,,,,,,
9.89E+17,4/26/2018 1:39,"b'RT @PlayLine: \xf0\x9f\x94\xa5HOW ABOUT THIS ONE #PlayLineArmy!\xf0\x9f\x94\xa5\n\n\xf0\x9f\x92\xb0If @JHarden13 puts up 35 pts &amp; a TRIPLE DOUBLE, https://t.co/RdmhQ4xMvi will pay your n\xe2\x80\xa6'",0,189,PlayLineArmy,,,,,,,
9.89E+17,4/25/2018 22:09,b'RT @Mxgnificnt: #REPOST\nHeader for @dkidnice1 \nLIKES/RTS ARE APPRECIATED https://t.co/FQAjQwc7Bk',0,4,REPOST,,,,,,,
9.89E+17,4/25/2018 15:14,b'RT @Giants: Eli Manning: 37 is not old. I think 37 is young. It\xe2\x80\x99s all about perspective. #NYGiants',0,210,NYGiants,,,,,,,
9.89E+17,4/25/2018 11:03,b'RT @EASPORTS_MUT: #UltimateLegends #MUTSeason https://t.co/NHdoQNVPDl',0,5004,UltimateLegends,MUTSeason,,,,,,
9.89E+17,4/25/2018 11:03,b'RT @EASPORTS_MUT: #MegaMonday #MUTSeason https://t.co/LMBvdUHKwh',0,8282,MegaMonday,MUTSeason,,,,,,
9.89E+17,4/25/2018 0:48,b'RT @BELlEVELAND216: Giveaway :) #PS4share https://t.co/6hVWhjFdAP',0,12,PS4share,,,,,,,
9.89E+17,4/25/2018 0:12,b'RT @slaphappy_29: Shout out to @RockBottomMUT for getting another 300k deal done! #RockDeals #Legit',0,2,RockDeals,'Legit,,,,,,
9.89E+17,4/24/2018 22:19,"b""RT @EAMaddenNFL: Everything you need to know about Saturday's #MaddenBowl\n\nFinal 4: https://t.co/Iioo3KVyiv \xf0\x9f\x92\xb0\xf0\x9f\x92\xb0\xf0\x9f\x92\xb0 https://t.co/JyjoODl241""",0,1844,MaddenBowl,,,,,,,
9.89E+17,4/24/2018 19:28,"b'RT @CybertronPC: Retweet this for a chance to win $10,000 Gaming Rig. @CybertronPC #IntelRigChallenge #sweepstakes #giveaways https://t.co/\xe2\x80\xa6'",0,5137,IntelRigChallenge,sweepstakes,giveaways,,,,,
9.89E+17,4/24/2018 1:00,"b""RT @CouRageJD: I think this kid is playing on his mom's iPhone 4S...\n\n#Fortnite https://t.co/DIp3qdiMb2""",0,563,Fortnite,,,,,,,
9.89E+17,4/23/2018 23:49,b'RT @MayweatherSZN: BREAKING: #Giants trade LT Ereck Flowers to the #Falcons for WR Julio Jones (@AdamSchefter). https://t.co/f5FF2K57Rz',0,141,Giants,Falcons,,,,,,
9.89E+17,4/23/2018 23:46,b'RT @CoinStoreHUB: Madden 18 99 Overall GIVEAWAY!( #BossBattles Ed Too Tall Jones ) \n\nFollow &amp; RT to enter \n\n1 Winner (Xbox 1 or PlayStation\xe2\x80\xa6',0,216,BossBattles,,,,,,,
9.88E+17,4/23/2018 2:35,b'@UnderdogFLY @Tr3yFiv5 #MUTCommunity',0,0,MUTCommunity,,,,,,,
9.88E+17,4/22/2018 18:39,b'RT @EASPORTS_MUT: #UltimateLegend #MUTSeason https://t.co/9nVrmzu27l',0,5643,UltimateLegend,MUTSeason,,,,,,
9.88E+17,4/22/2018 2:14,b'@RynoSzn Nvm #ThunderUp',0,0,ThunderUp,,,,,,,
9.88E+17,4/22/2018 2:13,b'RT @RynoSzn: #ThunderUp',0,1,ThunderUp,,,,,,,
9.88E+17,4/21/2018 3:08,b'RT @Dexerto: Literally all of us... #Fortnite https://t.co/PEI3Lr9iFX',0,1007,Fortnite,,,,,,,
9.87E+17,4/20/2018 23:26,b'RT @EASPORTS_MUT: #UltimateLegends #ComingTomorrow https://t.co/Q7us46ywCb',0,1276,UltimateLegends,ComingTomorrow,,,,,,
9.87E+17,4/20/2018 20:07,b'RT @tictoc: The U.K. just went 55 hours without using coal for the first time in history https://t.co/yGAhH9qLAw #tictocnews https://t.co/M\xe2\x80\xa6',0,750,tictocnews,,,,,,,
9.87E+17,4/20/2018 17:34,b'RT @EASPORTS_MUT: Power UP \xf0\x9f\x92\xaa\xf0\x9f\x8f\xbb #MUTSeason https://t.co/3krrAZFEl2',0,94,MUTSeason,,,,,,,
9.87E+17,4/20/2018 17:32,b'RT @87ed: We promised to never forget them. Always remember the lives that were lost on this day 19 years ago at #Columbine High School. ht\xe2\x80\xa6',0,951,Columbine,,,,,,,
9.87E+17,4/20/2018 11:45,"b'RT @FIFAWorldCup: 5\xe2\x83\xa35\xe2\x83\xa3 DAYS TO GO! \xf0\x9f\x8f\x86\xf0\x9f\x87\xb7\xf0\x9f\x87\xba\n\n\xf0\x9f\x87\xa6\xf0\x9f\x87\xb7@Argentina v \xf0\x9f\x8f\xb4\xf3\xa0\x81\xa7\xf3\xa0\x81\xa2\xf3\xa0\x81\xa5\xf3\xa0\x81\xae\xf3\xa0\x81\xa7\xf3\xa0\x81\xbf@England, 1986 #WorldCup. \n\nThere were 55 minutes on the clock when this happ\xe2\x80\xa6'",0,597,WorldCup,,,,,,,
9.87E+17,4/20/2018 10:54,b'RT @RockstarGames: 4/20 Specials in #GTAOnline\nTake advantage of these bonuses today only\n\xe2\x80\xa2    Weed sales: Earn 50% MORE\n\xe2\x80\xa2    Weed Business\xe2\x80\xa6',0,681,GTAOnline,,,,,,,
9.87E+17,4/19/2018 15:36,b'RT @gamespot: NEW #Deadpool2 trailer is here! \xf0\x9f\x94\xa5 https://t.co/uMsFpZHPup',0,1770,Deadpool2,,,,,,,
9.87E+17,4/19/2018 10:46,b'RT @EASPORTS_MUT: Signature Series @MoneyLynch \n#ComingTomorrow #MUTSeason https://t.co/Z8A7lXhOzA',0,247,ComingTomorrow,MUTSeason,,,,,,
9.87E+17,4/19/2018 1:57,"b'RT @PlayLine: \xf0\x9f\x92\xb0If @russwest44 puts up 35 pts &amp; a TRIPLE DOUBLE, one of you are getting a\xf0\x9f\x94\xa5WESTBROOK JERSEY\xf0\x9f\x94\xa5\xf0\x9f\x94\xa5\xf0\x9f\x94\xa5 #WhyNot\xe2\x9d\x93\n\n1\xe2\x83\xa3 RT\n2\xef\xb8\x8f\xe2\x83\xa3 FOLLOW @Pl\xe2\x80\xa6'",0,202,WhyNot,,,,,,,
9.87E+17,4/18/2018 21:22,"b""RT @JustGTRs: Paul's brother \xf0\x9f\x98\xad\xf0\x9f\x87\xaf\xf0\x9f\x87\xb5 #ForPaul https://t.co/ocnn5STNBv""",0,47258,ForPaul,,,,,,,
9.87E+17,4/18/2018 19:09,"b'RT @2KMTCentral: 9 new #PlayoffMoments cards: Victor Oladipo, Paul George, Dwyane Wade, Jaylen Brown, Jrue Holiday, Klay Thompson https://t\xe2\x80\xa6'",0,59,PlayoffMoments,,,,,,,
9.86E+17,4/17/2018 23:56,b'RT @the_raptor: Heading into Game 2 with #ShirtlessSwag! @TheStarters @raptors #NoShirtSzn https://t.co/2UiAUbN1fn',0,2984,ShirtlessSwag,,,,,,,
9.86E+17,4/16/2018 22:13,b'RT @EASPORTS_MUT: #BossBattles #MUTSeason https://t.co/bTiff6h0ll',0,5123,BossBattles,MUTSeason,,,,,,
9.86E+17,4/16/2018 20:18,b'RT @NickTheSlick12: Who else but Luke Kuechly?! \xf0\x9f\xa4\xb7\xf0\x9f\x8f\xbd\xe2\x80\x8d\xe2\x99\x82\xef\xb8\x8f \n\n#KeepPounding https://t.co/gPh3CFiWEq',0,1027,KeepPounding,,,,,,,
9.86E+17,4/16/2018 1:16,b'RT @EASPORTS_MUT: Double Legend Giveaway!\n#UltimateLegends #MUTSeason https://t.co/LbDDp9rnVa',0,6681,UltimateLegends,MUTSeason,,,,,,
9.86E+17,4/16/2018 0:15,b'RT @CliffBruntAP: Paul George has set the Oklahoma City playoff record for most 3-pointers in a game with 6. #Thunder',0,42,Thunder,,,,,,,
9.86E+17,4/16/2018 0:15,b'RT @NBA: Paul George connects on his 6th 3 of the evening!\n\n@okcthunder go up 9 in the 3rd on @NBAonTNT \n\n#ThunderUp https://t.co/XYs5C35Jn7',0,275,ThunderUp,,,,,,,
9.86E+17,4/16/2018 0:14,b'RT @NBA: 20 PTS for Paul George to lead all scorers at the break in OKC! #ThunderUp #NBAPlayoffs https://t.co/k0hju4oPtp',0,512,ThunderUp,NBAPlayoffs,,,,,,
9.86E+17,4/15/2018 21:06,b'RT @EASPORTS_MUT: #UltimateLegends #MUTSeason https://t.co/jgTxZyToqc',0,5541,UltimateLegends,MUTSeason,,,,,,
9.86E+17,4/15/2018 20:41,"b""RT @DIMEx619: \xe2\x9d\x8cLooking to buy tier 1 Madden coach\xe2\x9d\x8c DM if you're selling. RTs appreciated @_EverythingMUT #MUT18 #MADDEN18""",0,17,MUT18,MADDEN18,,,,,,
9.85E+17,4/14/2018 14:12,b'RT @EASPORTS_MUT: Today\xe2\x80\x99s Ultimate Legend! #ComingSoon #MUTSeason https://t.co/VYHeuoBtWi',0,151,ComingTomorrow,MUTSeason,,,,,,
9.85E+17,4/14/2018 14:12,b'RT @EASPORTS_MUT: Today\xe2\x80\x99s LTD Ultimate Legend! #ComingSoon #MUTSeason https://t.co/DtpdjMpgzs',0,299,ComingTomorrow,MUTSeason,,,,,,
9.85E+17,4/14/2018 0:43,b'RT @RynoSzn: 99 Ovr. #PS4share\n\nhttps://t.co/Nm5dWqlQb7 https://t.co/qe36y6nKsN',0,1,PS4share,,,,,,,
9.85E+17,4/13/2018 23:54,b'RT @okcthunder: Are You Ready?\n#ThunderUp https://t.co/JIDuFji3d0',0,1072,ThunderUp,,,,,,,
9.85E+17,4/13/2018 22:31,b'RT @itsKARY_: #STAR https://t.co/9sfCaQlqhu',0,372,STAR,,,,,,,
9.85E+17,4/13/2018 2:20,b'RT @iceup89: @Ninja #PS4share\n\nhttps://t.co/q9FKLQbjPc https://t.co/TnBq5zrYxy',0,3,PS4share,,,,,,,
9.85E+17,4/12/2018 22:53,b'RT @EASPORTS_MUT: \xf0\x9f\x96\x8b #SignatureSeries #MUTSeason https://t.co/R7kDc0HcqO',0,3570,SignatureSeries,MUTSeason,,,,,,
9.85E+17,4/12/2018 22:52,b'RT @EASPORTS_MUT: \xf0\x9f\x96\x8b #SignatureSeries #MUTSeason https://t.co/LOosGeyuII',0,3770,SignatureSeries,MUTSeason,,,,,,
9.84E+17,4/12/2018 2:54,"b""RT @FOXSportsOK: \xf0\x9f\x98\xad We're not crying, you're crying \xf0\x9f\x98\xad\n\n@RussWest44 addresses the @OKCThunder faithful. #ThunderUp https://t.co/92TxTu7ftB""",0,579,ThunderUp,,,,,,,
9.84E+17,4/12/2018 0:17,b'RT @EASPORTS_MUT: Double Giveaway!\n#NFLReplays #MUTSeason https://t.co/j3pGjiYDVw',0,5867,NFLReplays,MUTSeason,,,,,,
