hashtag,count
Ronaldo,22
Messi,19
messi,18
barca,10
ballondor,9
LIVROM,9
fifa18,9
barcelona,8
ronaldo,8
TISNews,8
Salah,7
freekicks,6
wenger,6
chelseafc,6
backflip,6
footballbible,6
freestyler,6
MoSalah,5
salah,5
realmadrid,4
FIFAWorldCup,4
inesta,4
football,4
FifaWorldCup2018,3
IAMKPressMeet,3
AttitudeDikha,3
legend,3
Cristiano,3
Crazy,3
ModiInChina,3
WorldCup,3
iniesta,3
UCLfinal,3
Videos,3
APCyberSecuritySummit,3
zidane,3
Funny,3
ZomatoGoldRush,3
FIFA,3
MessiReyBarça,2
LFC,2
Infinit8Iniesta,2
BAYRMA,2
lfc,2
FootTheBall,2
Liverpool,2
cristiano,2
fifa,2
GraciasIniesta,2
penalty,2
besoccerEn,1
rooney,1
New_tricks,1
Fact,1
DeBruyne,1
CasterSemenya,1
Kalou,1
bet,1
شجع_مع_شيما,1
Budget2018,1
PremierLeague,1
Zidane,1
compare,1
بسم_الله_ما_شاء_الله,1
footballlive,1
TheBest,1
Neymar,1
ABDeVilliers,1
FCBarcelona,1
RickRossInNairobi,1
DonAndres,1
himself,1
cfc,1
free_style,1
bhive,1
soccer,1
leomessi,1
messipenalty,1
365fact,1
التحكم_القدم_اليسري,1
elclassico,1
bonus,1
CR7,1
LaLiga,1
CSNGlobalFootball,1
YNWA,1
skills,1
infinit8Iniesta,1
APorLa13,1
juggling,1
ball_dribbling,1
AboveTheNoise,1
ucl,1
uefa,1
Barca,1
FNH,1
betfred,1
control,1
everton,1
GGMU,1
ChampionsLeague,1
WholeFlaked,1
World_cup,1
